,Year,Company Name,Country,GICS Sub-Industry,Industry (Exiobase),Environmental Intensity (Sales),Environmental Intensity (Op Inc),Total Environmental Cost,Working Capacity,Fish Production Capacity,Crop Production Capacity,Meat Production Capacity,Biodiversity,Abiotic Resources,Water production capacity (Drinking water & Irrigation Water),Wood Production Capacity,SDG 1.5,SDG 2.1,SDG 2.2,SDG 2.3,SDG 2.4,SDG 3.3,SDG 3.4,SDG 3.9,SDG 6,SDG 12.2,SDG 14.1,SDG 14.2,SDG 14.3,SDG 14.c,SDG 15.1,SDG 15.2,SDG 15.5,% Imputed
516,2019,BUDWEISER BREWING CO,CAYMAN ISLANDS,Brewers,Manufacture of beverages,-7.019612415155249,-37.63894122826329,-462095539.7958621,-210087672.9641951,-50971.94118099392,-2783269.843240617,-652655.2713814264,-8915.622660853292,-21847.771987623382,-248493979.21077985,3772.8295644346763,-93747371.79307917,-56130267.187048756,-56101490.17822296,-695817.4608101542,-695817.4608101542,-9070622.581664655,2894441.7126915106,-2153.1267362384183,-248493979.21077985,-21847.771987623382,-140.4501292960502,-28.052545915056605,-25278.227922818423,-167.406660629332,1886.4147822173381,1886.4147822173381,-8773.429719733862,0.017489708158218143
517,2019,MOLSON COORS BEVERAGE CO,UNITED STATES OF AMERICA,Brewers,Manufacture of beverages,-6.596233396492337,-46.52279439656736,-697841915.9485104,-295098629.94322896,-77656.2065778649,-3917869.6609399347,-912631.285761764,-13388.790138121041,-77571.7927975864,-397774521.95094895,30353.681883007368,-131228523.14822303,-82995963.71492471,-82931319.40906614,-979467.4152349837,-979467.4152349837,-13476174.598863313,12633155.498886257,-10362.284654262417,-397774521.95094895,-77571.7927975864,-1113.2083595012125,-326.9881911923119,-37024.56858786532,-1326.8659486666331,15176.840941503684,15176.840941503684,-12261.768244231858,0.05920182959591229
519,2019,COMPANIA CERVECERIAS UNIDAS,CHILE,Brewers,Manufacture of beverages,-6.415653032943711,-54.146660526452386,-155514082.23141864,-59665857.95905207,-13149.956614158948,-693806.7519185283,-160670.13814795995,-56112.8552733071,-65916.00740757145,-94855707.20302096,-2861.3599840731486,-23039332.020297524,-12939465.360963898,-12924629.316369858,-173404.51243886765,-173594.87418605032,-2076689.6013948356,-9185815.75486371,-14211.941859689208,-94855707.20302096,-65916.00740757144,-104.14231666366578,-467.10989761292706,-5751.475432040653,-124.13030554153441,-1430.6799920365743,-55213.36203718336,-2224.738634588436,0.08488230449585726
523,2019,ANHEUSER-BUSCH INBEV,BELGIUM,Brewers,Manufacture of beverages,-3.388736107914868,-11.492976936607372,-1778565879.0144079,-1561185629.8271472,-391750.1919781728,-21049266.104492832,-4847100.498670576,-68825.66171303646,-222519.2488820683,-190914107.09369585,113319.61217188589,-696577419.821286,-429017834.9921452,-428355273.3786341,-5262312.060337611,-5262511.091248906,-69454581.94488855,46663592.445193395,-11693.577522411899,-190914107.09369585,-222519.2488820683,-3914.2910848748425,-325.78913995682717,-190769.42452899873,-4665.559245366182,56659.806085942946,56659.806085942946,-64862.79913294785,0.08019901973611526
526,2019,CARLSBERG A/S,DENMARK,Brewers,Manufacture of beverages,-2.414562695180856,-16.054845572101918,-238814061.85200307,-196208226.07633916,-60262.71249505463,-2577534.134441206,-603326.6264495789,-9768.461303455068,-366663.2716343885,-39026787.74738542,38507.178045261855,-86908178.71887475,-60618119.03660632,-60580317.556135856,-644359.7583457883,-644672.082642316,-9925502.63214095,19938128.46742874,-36341.29832265374,-39026787.74738542,-366663.2716343885,-1480.4494000000002,-288.8443248633442,-27951.868900232294,-1764.5914000000002,19253.589022630928,19132.282417078506,-8148.334757902646,0.029598523384767712
530,2019,HEINEKEN HOLDING NV,NETHERLANDS,Brewers,Manufacture of beverages,-1.898777707281523,-12.419412149582676,-510223728.6823892,-432937056.13824165,-113003.339950651,-5803759.869401453,-1347744.8588228174,-19527.601411627144,-198189.99517098424,-69845759.69564965,41312.81625975655,-193782132.7979845,-122081872.75698915,-121958845.99628659,-1450939.9673503633,-1450939.9673503633,-19812587.02819255,20405069.991297208,-12898.398460154127,-69845759.69564965,-198189.99517098424,-1458.522181873348,-168.76975057790077,-54528.15809931558,-1738.4557005750726,20656.408129878277,20656.408129878277,-18050.98077932179,0.09333625821669571
531,2019,AMBEV SA,BRAZIL,Brewers,Manufacture of beverages,-1.7950212641086802,-6.313838645304849,-234873219.14567906,-136323870.51574948,-43481.6998525992,-1715557.2560827774,-401374.72652635124,-6550.172247402642,-164128.37424519882,-96240142.9348166,21886.53384140184,-57859764.91754487,-40907033.34388712,-40873856.473103724,-428889.31402069435,-428889.31402069435,-6704488.442606121,8758539.888598468,-18400.4055995273,-96240142.9348166,-164128.37424519882,-957.1488482465166,-477.94779875877,-19894.951253377276,-1140.8540042879602,10943.26692070092,10943.26692070092,-5581.146369652337,0.16979609885220937
532,2019,HEINEKEN NV,NETHERLANDS,Brewers,Manufacture of beverages,-1.709847404263225,-10.508373917264668,-459455951.44473636,-433246054.98924166,-113074.00395065102,-5807869.449401452,-1348708.3388228172,-19540.462311627143,-198189.99517098424,-18763827.022096857,41312.81625975655,-193920442.44788653,-122162282.75898914,-122039220.66628657,-1451967.362350363,-1451967.362350363,-19825545.15929055,20405069.991297208,-12898.398460154127,-18763827.022096857,-198189.99517098424,-1458.522181873348,-168.76975057790077,-54563.49009931559,-1738.4557005750726,20656.408129878277,20656.408129878277,-18063.84167932179,0.10185403204534973
534,2019,KIRIN HOLDINGS CO LTD,JAPAN,Brewers,Manufacture of beverages,-1.6274821981877376,-19.221542586222238,-290984361.36439604,-283439344.2381107,-68517.6946425905,-3768856.2027593832,-880454.6833901948,-12208.651075413467,-38407.69401264911,-2788056.3786284397,11484.178223441762,-126472684.77983353,-76073430.96992896,-76024530.72545578,-942214.0506898458,-942214.0506898458,-12297159.65583056,4633906.646534805,-4642.1720910677695,-2788056.3786284397,-38407.69401264911,-443.09225,-111.57280643746451,-33568.85158663906,-528.1347499999999,5742.089111720881,5742.089111720881,-11760.060600413466,0.01280947565560893
535,2019,ASAHI GROUP HOLDINGS LTD,JAPAN,Brewers,Manufacture of beverages,-1.584260293775617,-16.297160142092007,-304813771.74601644,-278095093.14530784,-65206.94917087465,-3688012.491906893,-861421.573078927,-11735.064193862132,-41330.711172380856,-22055861.90084524,4890.089659641904,-123692429.81108522,-72999689.90704256,-72951330.7519248,-922003.1229767232,-922003.1229767232,-11778895.803035228,594157.2666858395,-4995.464550546073,-22055861.90084524,-41330.711172380856,-224.15255000000002,-120.06405372944538,-32158.98590984315,-267.17405,2445.044829820952,2445.044829820952,-11508.130188862133,0.013778843420053196
2191,2018,COMPANIA CERVECERIAS UNIDAS,CHILE,Brewers,Manufacture of beverages,-6.031112199367444,-44.96536650009205,-154989009.29010892,-63708558.074068226,-14004.765118929205,-741577.1152027464,-171743.91530246747,-59504.64066961722,-69882.03367685433,-90220627.34693319,-3111.3991368497605,-24626644.550658986,-13810636.440060316,-13794875.940388225,-185344.26480775708,-185546.08021725467,-2216186.0852961373,-9794828.688919866,-15067.044238759787,-90220627.34693319,-69882.03367685432,-107.77358975540162,-495.2149087844943,-6132.439005527835,-128.45852727523803,-1555.6995684248802,-58574.371446885496,-2376.8578649007227,0.09016961069510744
2194,2018,MOLSON COORS BEVERAGE CO,UNITED STATES OF AMERICA,Brewers,Manufacture of beverages,-4.448054335215146,-36.11562573019681,-479037659.68533045,-314288112.60060614,-82227.44828859688,-4172960.267312464,-972330.4722718161,-14207.37108812675,-78966.40449485666,-159459754.5118205,30899.390552133023,-139802396.21052322,-88101117.90989958,-88033723.8508408,-1043240.066828116,-1043240.066828116,-14300695.415357925,12860278.603777671,-10548.581281787676,-159459754.5118205,-78966.40449485666,-1133.221992597336,-332.86689451809383,-39277.76489173094,-1350.7207895306135,15449.695276066512,15449.695276066512,-13060.087216789156,0.08398033616757988
2195,2018,ANHEUSER-BUSCH INBEV,BELGIUM,Brewers,Manufacture of beverages,-4.237516451823124,-13.517632933192806,-1964330053.245122,-1779314210.7129893,-437578.0171100892,-23916901.297224592,-5529667.878366179,-77455.1655387353,-196534.33928159485,-154957792.43483922,100086.60022779221,-794472048.3877462,-483123726.6384938,-482492748.9009474,-5979221.380017166,-5979397.16889316,-78136646.64301656,41214404.39780646,-10328.048219429933,-154957792.43483922,-196534.33928159485,-3457.195797606828,-287.744784724077,-214279.55702652072,-4120.733861335044,50043.300113896104,50043.300113896104,-73955.07023123116,0.06581813663061685
2198,2018,CARLSBERG A/S,DENMARK,Brewers,Manufacture of beverages,-2.76532599672447,-19.196042955716297,-265095100.56193465,-218704351.50133514,-61976.147936668865,-2860535.568184096,-670168.5330757981,-10257.483443843861,-355386.859144463,-42458982.46550061,26557.996686016486,-96424259.33910371,-63672983.40567642,-63634561.09553633,-715110.847969253,-715413.5670015757,-10379141.363690803,13310509.61488648,-35223.653055160714,-42458982.46550061,-355386.859144463,-1070.71939,-279.9611669238685,-29305.19642694863,-1276.2220899999998,13278.998343008243,13161.42241742239,-9055.901829258006,0.02853467137791971
2201,2018,HEINEKEN NV,NETHERLANDS,Brewers,Manufacture of beverages,-2.0153591844104355,-13.612003676852089,-518491333.1955564,-443271877.02947044,-114770.81694440162,-5939257.460174283,-1380062.5094369831,-19893.527917312458,-189751.0735057722,-67615274.49638663,39553.71827963599,-198408183.89825228,-124370185.3410527,-124249107.47742061,-1484814.3650435708,-1484814.3650435708,-20175431.535931185,19536222.968614925,-12349.185195791182,-67615274.49638663,-189751.0735057722,-1396.4183686652973,-161.58354169104172,-55495.92864893222,-1664.4323299052387,19776.859139817996,19776.859139817996,-18479.781729473943,0.08875616477375245
2202,2018,HEINEKEN HOLDING NV,NETHERLANDS,Brewers,Manufacture of beverages,-1.9998003455680362,-12.905661563830941,-514488511.6852407,-443271877.02947044,-114770.81694440162,-5939257.460174283,-1380062.5094369831,-19893.527917312458,-189751.0735057722,-63612452.98607094,39553.71827963599,-198408183.89825228,-124370185.3410527,-124249107.47742061,-1484814.3650435708,-1484814.3650435708,-20175431.535931185,19536222.968614925,-12349.185195791182,-63612452.98607094,-189751.0735057722,-1396.4183686652973,-161.58354169104172,-55495.92864893222,-1664.4323299052387,19776.859139817996,19776.859139817996,-18479.781729473943,0.08934125606639211
2204,2018,KIRIN HOLDINGS CO LTD,JAPAN,Brewers,Manufacture of beverages,-1.749271701448852,-18.743762751360908,-307793824.5679543,-294415074.9008806,-71169.64013258023,-3915365.2068478055,-914855.3027642329,-12680.166926005964,-37797.88179898283,-8438730.226979949,11848.75837595989,-131414125.15994272,-79039341.69546875,-78989347.94476637,-978841.3017119514,-978841.3017119514,-12776606.569609495,4900737.308711732,-4568.466722603276,-8438730.226979949,-37797.88179898283,-454.56052,-109.80132648201126,-34883.95448856709,-541.80412,5924.379187979945,5924.379187979945,-12219.965874005966,0.011946760243802267
2207,2018,ASAHI GROUP HOLDINGS LTD,JAPAN,Brewers,Manufacture of beverages,-1.5360463819552943,-15.269944202818625,-296843590.5565651,-271673837.20960546,-63141.01584037123,-3600398.8068205407,-840891.128408287,-11399.240729282346,-41513.3878802972,-20615504.858903334,3095.0916225613446,-120731702.83674867,-70868557.93196407,-70821162.1053232,-900099.7017051352,-900099.7017051352,-11429043.532973362,-491074.59580078465,-5017.543895244511,-20615504.858903334,-41513.3878802972,-163.68349,-120.59472221910455,-31196.54775585696,-195.09919000000002,1547.5458112806723,1547.5458112806723,-11233.526130282347,0.014373448911674367
3814,2017,COMPANIA CERVECERIAS UNIDAS,CHILE,Brewers,Manufacture of beverages,-5.3127509079985895,-39.543843293246084,-146714356.53611988,-61539455.33411139,-13447.837237034239,-699347.2806418892,-163575.2921148101,-63646.353002829084,-75095.7224766275,-84155890.30162434,-3898.4149109124805,-23450631.130000416,-13040826.096587375,-13034720.781711152,-174783.07477363438,-174999.9470251378,-2091920.9566765549,-10425294.759757953,-16191.151189575772,-84155890.30162434,-75095.72247662749,-97.0413755117035,-532.1444703723121,-5811.239592124431,-115.66648388801576,-1949.2074554562403,-63221.871315966644,-2275.4436037690184,0.09880996203256684
3815,2017,MOLSON COORS BEVERAGE CO,UNITED STATES OF AMERICA,Brewers,Manufacture of beverages,-4.381103283206339,-27.92192029915588,-482044032.0446271,-321020176.63059336,-83991.18120114521,-4262343.617929466,-993156.0457619539,-14511.95654951335,-80676.30695439097,-155620744.77748075,31568.471843616226,-142796764.90945056,-89989721.90648934,-89920876.9186041,-1065585.9044823665,-1065585.9044823665,-14607278.586720059,13138749.203465763,-10776.995443401189,-155620744.77748075,-80676.30695439097,-1157.7602640905855,-340.0746422340368,-40119.876324819605,-1379.9686806424968,15784.235921808113,15784.235921808113,-13339.829917182225,0.0850902952154159
3816,2017,ANHEUSER-BUSCH INBEV,BELGIUM,Brewers,Manufacture of beverages,-4.0661677298982575,-13.539659686530426,-2014783257.3413072,-1826059339.0672803,-450381.54438214167,-24556003.350514676,-5674157.448623738,-79634.89921770555,-210076.95947442722,-157860647.35390478,106983.28209128461,-815260435.2149183,-496672936.9495008,-496007154.6998474,-6138996.621549995,-6139184.5235355375,-80339468.02417246,44054371.33322109,-11039.724534522094,-157860647.35390478,-210076.95947442722,-3695.421289347293,-307.57245629654005,-220370.58723269438,-4404.68186657318,53491.641045642304,53491.641045642304,-75893.62233571672,0.06829020494477521
3820,2017,CARLSBERG A/S,DENMARK,Brewers,Manufacture of beverages,-2.5940106609761204,-19.130248291804325,-258597150.98209104,-215590476.46364328,-63059.65708992381,-2808814.008407812,-658653.6393979026,-10207.076185218146,-369571.08045711997,-39124203.06780563,27834.010895928168,-94803779.84200905,-63662203.88412902,-63622943.103739105,-702179.5382886288,-702494.3394608494,-10392059.698966214,14832670.400678491,-36629.501576339586,-39124203.06780563,-369571.08045711997,-1120.76275,-291.13499355369237,-29771.16307963137,-1335.87025,13917.005447964084,13794.73682509177,-8950.137537345834,0.029563072033273248
3824,2017,HEINEKEN NV,NETHERLANDS,Brewers,Manufacture of beverages,-1.9130327595798895,-12.58186930339081,-502833766.84050524,-435035717.62818927,-113177.77393168483,-5830670.706850976,-1354336.2837715973,-19582.02913608839,-193864.0253750357,-60326829.45866666,40411.06541622335,-194721570.3884788,-122422393.89817564,-122300731.98940718,-1457667.676712744,-1457667.676712744,-19864428.183584236,19959680.62444036,-12616.860120609806,-60326829.45866666,-193864.0253750357,-1426.6864532329512,-165.0859478569819,-54658.45169801446,-1700.5097545862548,20205.532708111674,20205.532708111674,-18137.63927431167,0.09275101854285271
3825,2017,KIRIN HOLDINGS CO LTD,JAPAN,Brewers,Manufacture of beverages,-1.897490771611269,-19.58373053220513,-313968764.0081561,-298289249.5191273,-72575.23189721546,-3969470.7476292998,-925303.8843412552,-12839.06623264637,-35544.43390415462,-10675570.41879537,11789.293771154991,-132923463.85824694,-80152508.31555706,-80087706.81278145,-992367.6869073249,-992367.6869073249,-12958010.577402564,4890357.632755215,-4296.102208279615,-10675570.41879537,-35544.43390415462,-449.34767000000005,-103.2804185877856,-35602.68039772605,-535.5907699999999,5894.646885577496,5894.646885577496,-12384.142715646369,0.012868677779797852
3826,2017,HEINEKEN HOLDING NV,NETHERLANDS,Brewers,Manufacture of beverages,-1.8959349623528687,-12.717741321257394,-498795026.6877555,-435000392.7735157,-113182.20545757272,-5830241.873304604,-1354224.1871376166,-19581.906940763176,-194041.16721108748,-56323810.564919986,40447.990731844904,-194705756.13143268,-122421620.74469627,-122299897.16016687,-1457560.468326151,-1457560.468326151,-19864427.830158018,19977918.636706844,-12628.388684316506,-56323810.564919986,-194041.16721108748,-1427.9900775505985,-165.23679393506762,-54658.903539843785,-1702.063582943881,20223.995365922452,20223.995365922452,-18136.197278308664,0.09345385118517716
3828,2017,SAPPORO HOLDINGS LTD,JAPAN,Brewers,Manufacture of beverages,-1.5400243038498451,-49.87067430365044,-75410993.72575876,-73604707.63731281,-18760.850594025975,-979965.8459348491,-228957.2980183148,-3262.987566009501,-10518.938596775644,-570140.1873511617,5320.019615231708,-32909419.1103969,-20415099.32804133,-20401708.9781297,-244991.46148371228,-244991.46148371228,-3309452.704904555,2703907.938006622,-1271.3786765101195,-570140.1873511617,-10518.938596775644,-194.9296580766472,-30.55709357607107,-9104.666070495847,-232.34242132624877,2660.009807615854,2660.009807615854,-3065.63907275964,0.088491764888291
3832,2017,ASAHI GROUP HOLDINGS LTD,JAPAN,Brewers,Manufacture of beverages,-1.1214072929868155,-12.484961272957964,-207571435.79597571,-190575976.88045284,-44549.664971459824,-2522448.829440413,-588299.3531280805,-8020.529211139388,-39762.075367565136,-13795362.191290721,2983.7278865566914,-84470747.48621796,-49758894.41325995,-49721461.879901856,-630612.2073601033,-630612.2073601033,-8026848.518956517,-465075.0657496655,-4805.870315813652,-13795362.191290721,-39762.075367565136,-157.42807,-115.50722980338669,-21915.88195802483,-187.64316999999997,1491.8639432783457,1491.8639432783457,-7861.147654139389,0.019439547459380903
5498,2016,COMPANIA CERVECERIAS UNIDAS,CHILE,Brewers,Manufacture of beverages,-4.805951726342482,-38.32070177250295,-111839521.18658945,-47422538.21958222,-10839.579887918784,-527747.7448076095,-123611.37063996312,-53468.468950785646,-63281.67059531536,-63635040.509382404,-2993.6227432124924,-17728319.164861493,-10070800.137982266,-10065872.799249468,-131891.64603418406,-132074.39996381267,-1618972.8223864834,-8317966.407464754,-13643.960832210863,-63635040.509382404,-63281.67059531535,-91.63668665016174,-448.4276018509395,-4639.061163276116,-109.22447547843932,-1496.8113716062462,-53130.065610888676,-1742.4409272948296,0.10685549978906865
5571,2016,ANHEUSER-BUSCH INBEV,BELGIUM,Brewers,Manufacture of beverages,-3.6870195045304714,-13.435438858995555,-1520501489.5100415,-1371431381.4092553,-340915.1958933591,-18464315.090133198,-4259886.952080137,-60103.553052509465,-174842.4140090251,-125859084.71867256,89039.8230545873,-612117601.0283221,-374763219.13940716,-374226066.9848369,-4616075.263584127,-4616231.650257047,-60643267.21625793,36665480.359296665,-9188.1189276517,-125859084.71867256,-174842.4140090251,-3075.61752905357,-255.9857629133228,-166445.86445529145,-3665.9194440939214,44519.91152729365,44519.91152729365,-56989.77092638005,0.07448010013150869
5630,2016,CARLSBERG A/S,DENMARK,Brewers,Manufacture of beverages,-3.1748821588574447,-26.122479828475697,-282023260.49312747,-235883284.16682586,-69230.98891782816,-3086189.031409101,-724053.40148016,-11176.75780644078,-329308.7870198418,-41951139.8360576,31122.476389429947,-104228565.29735453,-70082709.92714898,-70041205.71625856,-771525.9047358778,-771806.4104292566,-11441628.427962763,17641808.843585636,-32638.962762794778,-41951139.8360576,-329308.7870198418,-1212.5089100000002,-259.4177863365576,-32796.18830040923,-1445.22521,15561.238194714973,15452.289919219864,-9840.254889945672,0.02416996051374934
5728,2016,MOLSON COORS BEVERAGE CO,UNITED STATES OF AMERICA,Brewers,Manufacture of beverages,-2.381480140978228,-23.947160330750606,-116335304.88678645,-62324023.51075244,-18949.115196488532,-825729.0717434975,-190864.39548924065,-3104.891924215244,-35818.49706185697,-52950831.10834468,14015.703725966596,-27499806.162529424,-19082722.408285737,-19061327.31175781,-206432.26793587438,-206432.26793587438,-3121976.0966441557,5833314.2344612535,-4784.747767933145,-52950831.10834468,-35818.49706185697,-514.0199667432391,-150.9856243241057,-8641.781919593974,-612.6755921164247,7007.851862983298,7007.851862983298,-2584.4936075197165,0.1405865909287864
5731,2016,HEINEKEN NV,NETHERLANDS,Brewers,Manufacture of beverages,-2.375952181401798,-16.287767146622546,-521293521.8382352,-453476185.752713,-115132.10139739735,-6068511.170849167,-1412187.8944855304,-20105.70676469931,-161822.8446445655,-60073308.43060448,33732.063223799036,-202976108.60762286,-125698230.95369995,-125586346.92689736,-1517127.7927122917,-1517127.7927122917,-20369859.223672003,16660813.116799558,-10531.588783684507,-60073308.43060448,-161822.8446445655,-1190.8886129409325,-137.8011090060721,-55954.67114626346,-1419.45533886771,16866.031611899518,16866.031611899518,-18900.040701816775,0.07706006515749546
5735,2016,HEINEKEN HOLDING NV,NETHERLANDS,Brewers,Manufacture of beverages,-2.3549836702377513,-16.348854915386752,-516692945.6490457,-453476185.752713,-115132.10139739735,-6068511.170849167,-1412187.8944855304,-20105.70676469931,-161822.8446445655,-55472732.241414964,33732.063223799036,-202976108.60762286,-125698230.95369995,-125586346.92689736,-1517127.7927122917,-1517127.7927122917,-20369859.223672003,16660813.116799558,-10531.588783684507,-55472732.241414964,-161822.8446445655,-1190.8886129409325,-137.8011090060721,-55954.67114626346,-1419.45533886771,16866.031611899518,16866.031611899518,-18900.040701816775,0.07765512820057176
5780,2016,KIRIN HOLDINGS CO LTD,JAPAN,Brewers,Manufacture of beverages,-2.035439484276033,-29.767490155238725,-362071320.5339455,-338513568.0901828,-81169.1974318314,-4501901.079841385,-1052312.2984953597,-14510.182052182045,-38212.087365214495,-17881386.517725777,11738.919149195355,-151144655.69090626,-90462376.0691259,-90407224.64046875,-1125475.2699603462,-1125475.2699603462,-14616663.225982772,4778067.126840831,-4618.529960424644,-17881386.517725777,-38212.087365214495,-451.43281,-111.00457699351726,-39885.61746142543,-538.07611,5869.459574597678,5869.459574597678,-14053.147521182045,0.010410967522475754
5832,2016,SAPPORO HOLDINGS LTD,JAPAN,Brewers,Manufacture of beverages,-1.7560024292985303,-46.94748351054033,-81565211.17893465,-76257237.97466125,-19268.28543831703,-1015189.7003969249,-237256.2175845276,-3363.131662093826,-9978.027200325474,-4027964.292252196,5046.450260991027,-34098582.12754889,-21040510.114934556,-21027072.248435877,-253797.42509923122,-253797.42509923122,-3409233.0900249653,2564865.9039492905,-1206.0010522373761,-4027964.292252196,-9978.027200325474,-184.9058640797782,-28.985767723597927,-9372.563754929923,-220.39476497119423,2523.2251304955134,2523.2251304955134,-3175.9313456860505,0.07735425933996905
5918,2016,ASAHI GROUP HOLDINGS LTD,JAPAN,Brewers,Manufacture of beverages,-1.4057085162508447,-17.13958849146439,-205686973.58432975,-191005858.958814,-44700.39326082453,-2531706.982135396,-591100.8931801937,-8049.840683862106,-31432.313192216163,-11477272.776224859,3148.573161653681,-84874726.51012787,-50034355.20962105,-50000022.7007826,-632926.745533849,-632926.745533849,-8072290.8826035345,99985.19657814226,-3799.087938228004,-11477272.776224859,-31432.313192216163,-151.17265000000003,-91.3096056879101,-22034.9209368804,-180.18715,1574.2865808268405,1574.2865808268405,-7896.792168862105,0.0155326318560255
7014,2015,COMPANIA CERVECERIAS UNIDAS,CHILE,Brewers,Manufacture of beverages,-4.69253945401992,-35.691971225360966,-99239929.52189495,-43447677.56766507,-10348.794633637122,-490399.13230058167,-113650.5717433925,-46602.610233482825,-55019.4528036134,-55074280.253921285,-1951.138593876796,-16309096.177515367,-9517303.809078047,-9505233.979762858,-122560.4061082954,-122719.29921448689,-1533178.653445182,-6935141.719766588,-11862.570188179376,-55074280.253921285,-55019.452803613385,-101.71834459533692,-389.89210628165375,-4469.580254248802,-121.24110158386229,-975.569296938398,-45867.452965469,-1607.7460219318993,0.10630338617975457
7015,2015,ANHEUSER-BUSCH INBEV,BELGIUM,Brewers,Manufacture of beverages,-4.320402047305518,-14.832439246571907,-1708027859.4403775,-1535573148.0151002,-377187.24133883585,-20636925.74977878,-4772449.602055058,-66795.18298540861,-166736.6049326264,-146519528.92260042,84911.8784138804,-685669195.6086305,-416648538.36309105,-416110250.38613385,-5159228.091172709,-5159377.2276568245,-67381531.84163971,34965644.62337754,-8762.15170327475,-146519528.92260042,-166736.6049326264,-2933.029881634983,-244.1180949209067,-184767.87377590942,-3495.9650124321097,42455.9392069402,42455.9392069402,-63825.757842468665,0.06438210523955272
7017,2015,MOLSON COORS BEVERAGE CO,UNITED STATES OF AMERICA,Brewers,Manufacture of beverages,-3.84184359646084,-36.04886120561296,-137057770.30374047,-69903568.78957042,-19400.517538328142,-927396.8261085491,-215444.10144286833,-3280.908097914306,-26041.44670474963,-65972827.67844555,10189.96416792697,-31000760.050442334,-20273287.467685584,-20254920.51140834,-231849.20652713728,-231849.20652713728,-3301067.0626937672,4241047.341725193,-3478.6985556406516,-65972827.67844555,-26041.44670474963,-373.71259732100174,-109.77244752144001,-9094.79831628322,-445.4390912004846,5094.982083963485,5094.982083963485,-2902.5581909915104,0.09486706242769007
7020,2015,CARLSBERG A/S,DENMARK,Brewers,Manufacture of beverages,-2.9775131301948323,-24.845811173487366,-283260102.00186247,-233866834.6156605,-78063.32190497001,-3033304.11540515,-714082.658607162,-11660.546145044458,-351089.21246872697,-45248173.64148633,43106.109815468655,-102979410.85706556,-74559001.5603761,-74512625.56449485,-758303.2634435146,-758602.3217342836,-12244811.16244945,28194161.08916052,-34797.69803863532,-45248173.64148633,-351089.21246872697,-1628.49434,-276.57563325145867,-36695.95455660782,-1941.05054,21553.054907734328,21436.900812395535,-9895.690115705667,0.022967985148977313
7024,2015,AMBEV SA,BRAZIL,Brewers,Manufacture of beverages,-2.0951932599897147,-5.786155105365806,-247099786.73207113,-184224187.24145547,-52450.2155834034,-2368347.933911833,-554554.1677384559,-8402.460071694284,-137645.5463531933,-59772554.2132568,18355.046299774924,-79810031.81035145,-52495567.07280145,-52459751.195916824,-592086.9834779582,-592086.9834779582,-8553870.737210436,7345311.337948859,-15431.420030296082,-59772554.2132568,-137645.5463531933,-802.7087136158326,-400.82884017466847,-24677.05290773967,-956.7722427740935,9177.523149887462,9177.523149887462,-7589.790739004385,0.14249290175552745
7026,2015,KIRIN HOLDINGS CO LTD,JAPAN,Brewers,Manufacture of beverages,-2.0015746302101034,-35.24869014656662,-365625725.4125437,-343595993.8102961,-80698.28908811518,-4562518.921194886,-1066674.629869036,-14523.696039098339,-37948.52228945133,-16273847.993208783,6480.449441813079,-153168878.11571172,-90493318.56409976,-90438503.0632578,-1140629.7302987215,-1140629.7302987215,-14603753.322745562,1724707.5750308381,-4586.673988064392,-16273847.993208783,-37948.52228945133,-273.15334,-110.23893104840752,-39861.59610148498,-325.57954,3240.2247209065395,3240.2247209065395,-14247.153205098339,0.010541743112787437
7028,2015,HEINEKEN HOLDING NV,NETHERLANDS,Brewers,Manufacture of beverages,-1.9625001368023303,-14.696181199690614,-437202008.2973807,-372459130.61274254,-122575.52767741165,-4962219.217013797,-1157946.6738481484,-18612.398372445867,-164545.44943679756,-58393943.3595661,76964.94127666991,-167010189.79265505,-120027450.13281289,-119910930.5145958,-1240554.8042534492,-1240554.8042534492,-19695389.50912089,50495124.009032324,-10708.778562762089,-58393943.3595661,-164545.44943679756,-2654.3832199999997,-140.11955768109618,-57946.684284184186,-3163.8378199999997,38482.470638334955,38482.470638334955,-15925.077550445867,0.01053202402749078
7029,2015,HEINEKEN NV,NETHERLANDS,Brewers,Manufacture of beverages,-1.9625001368023303,-14.594938472064028,-437202008.2973807,-372459130.61274254,-122575.52767741165,-4962219.217013797,-1157946.6738481484,-18612.398372445867,-164545.44943679756,-58393943.3595661,76964.94127666991,-167010189.79265505,-120027450.13281289,-119910930.5145958,-1240554.8042534492,-1240554.8042534492,-19695389.50912089,50495124.009032324,-10708.778562762089,-58393943.3595661,-164545.44943679756,-2654.3832199999997,-140.11955768109618,-57946.684284184186,-3163.8378199999997,38482.470638334955,38482.470638334955,-15925.077550445867,0.01053202402749078
7030,2015,SAPPORO HOLDINGS LTD,JAPAN,Brewers,Manufacture of beverages,-1.8703917937373735,-71.56400567195237,-83007737.26679048,-76825712.7291998,-19259.262135445097,-1022674.6552091312,-239068.21984276845,-3372.4116408933087,-9219.681088316654,-4893093.219600505,4662.911926404847,-34355663.79482782,-21097523.76889323,-21084379.50316966,-255668.6638022828,-255668.6638022828,-3417011.8601073707,2369931.9709148635,-1114.3430330035812,-4893093.219600505,-9219.681088316654,-170.8527210789296,-26.782802767152006,-9387.932525397353,-203.64440843603154,2331.4559632024234,2331.4559632024234,-3199.4388495528156,0.07109776119330927
7033,2015,ASAHI GROUP HOLDINGS LTD,JAPAN,Brewers,Manufacture of beverages,-1.3250036137713856,-18.21420793732946,-204633361.79501876,-190079944.52441725,-44573.60460325842,-2519418.21753356,-588167.6923474128,-8020.465037764411,-32084.057659605176,-11364551.785821656,3398.5524018605843,-84455525.5100182,-49848194.41255204,-49813676.84653196,-629854.55438339,-629854.55438339,-8043158.585537835,214278.4868354449,-3877.861477093021,-11364551.785821656,-32084.057659605176,-160.55578,-93.2028971540089,-21957.6190738982,-191.37117999999998,1699.2762009302921,1699.2762009302921,-7857.91695976441,0.015887360322395443
8502,2014,ANHEUSER-BUSCH INBEV,BELGIUM,Brewers,Manufacture of beverages,-5.552357624122989,-18.783108601502317,-1979009750.0245767,-1815856282.625206,-437099.3747989078,-24330127.801586557,-5648896.806352716,-77997.2727847376,-139921.10460286215,-132590680.92109708,71255.88185254726,-811392837.0241551,-486843820.257167,-486331815.9883639,-6082529.142290568,-6082654.2938228445,-78655226.49480046,29342276.82536184,-7352.97414455242,-132590680.92109708,-139921.10460286215,-2461.3238409010264,-204.8576766252475,-215339.21821971395,-2933.7246394702306,35627.94092627363,35627.94092627363,-75505.40696916846,0.04798594620163036
8504,2014,MOLSON COORS BEVERAGE CO,UNITED STATES OF AMERICA,Brewers,Manufacture of beverages,-3.623765861244698,-31.446673065045815,-150252203.9047889,-87459904.44529884,-23669.882876738164,-1160718.9629578497,-269998.1739207951,-4039.3047256018435,-27982.1571896726,-61316840.33798118,10949.360161778508,-38837577.73255215,-24997121.751109,-24975974.23595934,-290179.74073946243,-290179.74073946243,-4064851.135285028,4557106.780989738,-3737.9447809890644,-61316840.33798118,-27982.1571896726,-401.56312207070334,-117.9531197504395,-11184.359703923727,-478.6349548745896,5474.680080889254,5474.680080889254,-3632.7587034762482,0.09326399934506945
8508,2014,CARLSBERG A/S,DENMARK,Brewers,Manufacture of beverages,-2.8178956913610147,-21.735164350942675,-295399471.3222387,-244858144.5953584,-80556.41832684219,-3183176.0675629955,-749084.0752016447,-12141.91764301419,-346599.1261504396,-46213679.12516082,43910.00316550466,-108005336.15491386,-77529531.04653646,-77482002.4292771,-795771.5426301896,-796066.7762590434,-12724260.081367778,28536501.234092835,-34352.6696460723,-46213679.12516082,-346599.1261504396,-1653.51602,-273.03850245184844,-37918.294871743325,-1970.87462,21955.00158275233,21840.33298424959,-10353.21494251145,0.022005538348542672
8509,2014,AMBEV SA,BRAZIL,Brewers,Manufacture of beverages,-2.540335959564265,-6.87128315694353,-364197253.5550764,-295909582.7515955,-78382.02565029616,-3850629.3223692942,-902044.60404015,-13078.76577657645,-142857.917450546,-63319728.28466036,19050.116466288146,-129700710.96546419,-81731682.48763962,-81682537.52181226,-962657.3305923236,-962657.3305923236,-13268858.377558162,7623464.097216058,-16015.778114433679,-63319728.28466036,-142857.917450546,-833.1057428644818,-416.0074544986719,-37584.336091456345,-993.0033604318229,9525.058233144073,9525.058233144073,-12235.32222522387,0.10689465161162177
8510,2014,HEINEKEN NV,NETHERLANDS,Brewers,Manufacture of beverages,-2.285189430665615,-15.78403617874023,-532586028.3532507,-467532155.386649,-145373.09465507575,-6228900.484200071,-1455063.852370106,-22677.035840490058,-162817.1731660964,-57118733.75287153,79692.42650172193,-209685220.53952122,-145529925.7916557,-145402587.50871712,-1557225.1210500177,-1557225.1210500177,-23816045.957215365,52269950.74540054,-10596.300655037734,-57118733.75287153,-162817.1731660964,-2746.12938,-138.64783477760506,-69239.45885337147,-3273.1927799999994,39846.213250860965,39846.213250860965,-19896.83040249006,0.00900959559559896
8511,2014,HEINEKEN HOLDING NV,NETHERLANDS,Brewers,Manufacture of beverages,-2.285187009797788,-16.377315313612208,-532585464.1460283,-467532155.386649,-145373.09465507575,-6228900.484200071,-1455063.852370106,-22677.035840490058,-162817.1731660964,-57118169.54564912,79692.42650172193,-209685220.53952122,-145529925.7916557,-145402587.50871712,-1557225.1210500177,-1557225.1210500177,-23816045.957215365,52269950.74540054,-10596.300655037734,-57118169.54564912,-162817.1731660964,-2746.12938,-138.64783477760506,-69239.45885337147,-3273.1927799999994,39846.213250860965,39846.213250860965,-19896.83040249006,0.009009602363087288
8512,2014,SAPPORO HOLDINGS LTD,JAPAN,Brewers,Manufacture of beverages,-2.030843605994559,-71.52904754030537,-87856208.96820901,-82342401.07477774,-20301.79527803694,-1095925.6711236655,-256331.8132669987,-3579.36343952445,-8024.765735044226,-4133703.0605293913,4058.5759414130307,-36829107.66517572,-22389857.868414406,-22376647.84980501,-273981.4177809164,-273981.4177809164,-3623052.276227272,2062777.3013411022,-969.918775136842,-4133703.0605293913,-8024.765735044226,-148.70938037007434,-23.311621722647956,-9940.524399197926,-177.25110611707632,2029.2879707065154,2029.2879707065154,-3428.8087602738706,0.05975694328745073
8514,2014,KIRIN HOLDINGS CO LTD,JAPAN,Brewers,Manufacture of beverages,-1.9499666550507193,-37.37899965365996,-357079747.0081061,-336251879.7244697,-78882.91361800645,-4474320.443286748,-1043282.698030554,-14213.718278020124,-33968.34729764706,-15189969.99195982,6770.82883447847,-149809425.65481806,-88498351.82974261,-88429812.3970943,-1118580.110821687,-1118580.110821687,-14279802.243464286,1449684.2796183794,-4105.607427326989,-15189969.99195982,-33968.34729764706,-277.32362,-98.70395117331387,-38966.291904243255,-330.55022,3385.414417239235,3385.414417239235,-13932.953416020124,0.0077323086441553985
8518,2014,ASAHI GROUP HOLDINGS LTD,JAPAN,Brewers,Manufacture of beverages,-1.3421496981780803,-18.67720477614748,-199848872.8189595,-185248334.31887475,-44450.35853505818,-2454457.9252634523,-573550.9806789223,-7880.62971883875,-27620.855679290766,-11497211.442831788,4633.69262263506,-82377014.45717627,-49188603.262811385,-49155848.73706596,-613614.4813158631,-613614.4813158631,-7945728.902268461,1599154.2126622403,-3338.413530465702,-11497211.442831788,-27620.855679290766,-196.00316000000004,-80.23747490093308,-21873.633251177685,-233.62196,2316.84631131753,2316.84631131753,-7682.19440283875,0.01881915457946227
9883,2013,ANADOLU EFES BIRACILIK MALT,TURKEY,Brewers,Manufacture of beverages,-5.509569795893451,-72.61431908704947,-235718201.8512717,-141219389.23638543,-28181.370529770087,-1490193.7334724246,-339503.8009242086,-7523.248634639638,-432104.0474680898,-92182252.04693696,-19054.366894142193,-48532358.39310406,-25253396.659185864,-25202209.12844921,-370908.1931927538,-377908.4190551784,-4017147.0346835703,-39229321.170226835,-80808.59316432386,-92182252.04693696,-432104.0474680897,-330.4842541186523,-1760.2700296964133,-11060.467168679535,-393.9139511645507,-9527.183447071096,-12074.491539595801,-4641.355414494388,0.22099128175543567
9884,2013,ANHEUSER-BUSCH INBEV,BELGIUM,Brewers,Manufacture of beverages,-5.237692631453171,-17.387191301538557,-1701114599.6482446,-1580222370.2541475,-380116.43055796623,-21170772.466366883,-4916027.1791308345,-67846.85980993499,-120079.69318344255,-94298538.25791691,61151.49286917851,-706119541.4859301,-423496449.6736174,-423054549.9924048,-5292690.706687108,-5292798.111196527,-68418392.16056785,25181416.4024332,-6310.290944098074,-94298538.25791691,-120079.69318344255,-2112.297587124979,-175.80798139960808,-187303.00436800387,-2517.709930836872,30575.746434589255,30575.746434589255,-65708.35123085299,0.04791463089561369
9886,2013,MOLSON COORS BEVERAGE CO,UNITED STATES OF AMERICA,Brewers,Manufacture of beverages,-3.915210728955042,-35.64451914947577,-164677678.47057804,-93137337.15827702,-24739.811068263003,-1236380.558154196,-287869.399064605,-4250.757283065714,-26240.00372913052,-69971128.44212213,10267.659120387594,-41398127.88974818,-26335231.1938119,-26314128.510198668,-309095.139538549,-309095.139538549,-4278213.09136674,4273383.860889384,-3505.222428978308,-69971128.44212213,-26240.00372913052,-376.56202662264565,-110.60942446768968,-11759.828654703106,-448.83541021050195,5133.829560193797,5133.829560193797,-3869.522588959428,0.08154015788339596
9890,2013,AMBEV SA,BRAZIL,Brewers,Manufacture of beverages,-2.8351983589453402,-7.36128862715907,-417533664.92609835,-342490499.9074776,-87338.37253817345,-4483578.1995736975,-1050552.5865923525,-14896.755527894613,-120236.96933847033,-69302595.74599954,16033.610949454745,-150986063.38272563,-93104680.66698031,-93052633.69414343,-1120894.5498934244,-1120894.5498934244,-15086149.09831761,6416320.74209124,-13479.747265275191,-69302595.74599954,-120236.96933847033,-701.1869656799158,-350.13443037518334,-42316.920013122304,-835.7654705597331,8016.805474727373,8016.805474727373,-14186.867702056625,0.08186007263703396
9891,2013,CARLSBERG A/S,DENMARK,Brewers,Manufacture of beverages,-2.2565369863680167,-15.68101174864407,-277407140.85357666,-228989609.27296558,-72364.51291540322,-2975373.097843379,-699096.689073934,-11189.927200202956,-379028.2817705823,-44317792.22375077,37313.15194320342,-100734646.42866117,-70708083.016823,-70663971.97602804,-743818.6974214894,-744141.5542512462,-11584054.891947126,22515872.794637684,-37566.83836684483,-44317792.22375077,-379028.2817705823,-1446.04459,-298.5850414308837,-34028.73922455529,-1723.58329,18656.57597160171,18531.17853524271,-9600.541554843956,0.026470161324710285
9892,2013,HEINEKEN HOLDING NV,NETHERLANDS,Brewers,Manufacture of beverages,-2.081948672979334,-17.173393628531855,-550959537.9228588,-486706133.4894558,-150460.4521903565,-6434652.522729014,-1505564.457222517,-23088.00738993344,-169257.31587815407,-56037411.941844486,67030.26385166257,-216926305.41402444,-149126267.76573038,-148994224.08502394,-1608663.1306822535,-1608663.1306822535,-24386227.563256327,47939713.759343624,-11015.431432899213,-56037411.941844486,-169257.31587815407,-2319.71825,-144.1319727547131,-72277.87221104618,-2764.9407499999998,33515.13192583129,33515.13192583129,-20739.504314933438,0.009271954464459853
9893,2013,HEINEKEN NV,NETHERLANDS,Brewers,Manufacture of beverages,-2.079499744171882,-16.583319596068378,-550311462.0592839,-486706133.4894558,-150460.4521903565,-6434652.522729014,-1505564.457222517,-23088.00738993344,-169257.31587815407,-55389336.07826956,67030.26385166257,-216926305.41402444,-149126267.76573038,-148994224.08502394,-1608663.1306822535,-1608663.1306822535,-24386227.563256327,47939713.759343624,-11015.431432899213,-55389336.07826956,-169257.31587815407,-2319.71825,-144.1319727547131,-72277.87221104618,-2764.9407499999998,33515.13192583129,33515.13192583129,-20739.504314933438,0.009279880759728144
9896,2013,SAPPORO HOLDINGS LTD,JAPAN,Brewers,Manufacture of beverages,-1.9933127056627746,-66.2316599308443,-96700894.93158865,-90393816.53508176,-22024.57540869635,-1202942.3726634902,-281470.31406440045,-3902.218250204358,-7378.528335518063,-4793092.125080609,3731.7372960548987,-40435207.64399281,-24407579.42124008,-24393754.364726402,-300735.59316587256,-300735.59316587256,-3947008.8698193748,1896661.0702841815,-891.8108517791791,-4793092.125080609,-7378.528335518063,-136.7337580991553,-21.43432806720911,-10818.855900567045,-162.9770079487011,1865.8686480274494,1865.8686480274494,-3763.787795836819,0.05077223538747143
9897,2013,ASAHI GROUP HOLDINGS LTD,JAPAN,Brewers,Manufacture of beverages,-1.7356092552502387,-25.328352668344333,-283106007.9373598,-266453010.25198615,-61924.830111990625,-3537548.723593866,-827429.7319522253,-11189.717408145696,-24809.14626779202,-12193121.587753646,3026.0517140144934,-118800012.85943511,-69738327.13446112,-69697907.22468059,-884387.1808984665,-884387.1808984665,-11247629.814439539,406662.81179682445,-2998.574357774069,-12193121.587753646,-24809.14626779202,-137.61924000000002,-72.06957214102695,-30691.985941783776,-164.03243999999998,1513.0258570072467,1513.0258570072467,-11050.390484145695,0.009044665246513319
9898,2013,KIRIN HOLDINGS CO LTD,JAPAN,Brewers,Manufacture of beverages,-1.69760134558921,-26.79904864754617,-364190479.0031507,-345469356.89515525,-81729.31752823498,-4597691.246951588,-1073206.918371382,-14681.88374351079,-32629.285821137844,-12930013.547515923,8830.091936455325,-154121619.0051569,-91501392.94949679,-91436956.20029257,-1149422.811737897,-1149422.811737897,-14772190.170293001,2953780.5875415606,-3943.7608501170193,-12930013.547515923,-32629.285821137844,-345.09067000000005,-94.80556259355805,-40315.40879722715,-411.32377,4415.045968227662,4415.045968227662,-14332.510926510791,0.007207595364574108
11171,2012,ANADOLU EFES BIRACILIK MALT,TURKEY,Brewers,Manufacture of beverages,-5.7879871390328885,-47.95603509143157,-208097765.40688306,-126279196.92407951,-25625.26404840815,-1338896.3582836646,-305172.96827379445,-6751.660720896738,-381032.4908062043,-79745470.67052071,-15619.070126968483,-43636790.00841333,-23018371.454184655,-22972846.554099124,-333277.71385840664,-339450.5639212439,-3667251.566133652,-33897609.526509464,-71257.60499667938,-79745470.67052071,-381032.49080620427,-331.45386839935304,-1552.2189107850638,-10093.346926153952,-395.06966308624266,-7809.535063484242,-10055.769860479906,-4169.859147216555,0.21834295603009563
11173,2012,ANHEUSER-BUSCH INBEV,BELGIUM,Brewers,Manufacture of beverages,-4.34247070015678,-14.235484011942056,-1337624522.965235,-1197258484.1202047,-292466.4605279141,-16076896.692234317,-3721961.608377236,-51899.5665898493,-119623.9026646444,-120164109.99273248,60919.37809672032,-534707263.10732853,-323792102.4068658,-323394983.63376707,-4019221.7723013223,-4019328.769131842,-52350311.6488839,25085834.455628898,-6286.338761119194,-120164109.99273248,-119623.9026646444,-2104.2798683286715,-175.14066114814335,-143488.47739944028,-2508.1533748103147,30459.68904836016,30459.68904836016,-49769.175219504876,0.05949260666496259
11175,2012,MOLSON COORS BEVERAGE CO,UNITED STATES OF AMERICA,Brewers,Manufacture of beverages,-3.5842760012037322,-28.896288511145364,-140378169.58714417,-58269902.6591247,-16642.81512514907,-772738.4198438966,-179241.28351406052,-2786.123540347503,-25299.859175771402,-81121458.20932378,9899.78250354611,-25801679.671272334,-17186584.971201677,-17169843.669423565,-193184.60496097416,-193184.60496097416,-2802674.117870435,4120274.1813824507,-3379.634955404219,-81121458.20932378,-25299.859175771402,-363.07030832924727,-106.64643539814007,-7733.188929099364,-432.75423237912634,4949.891251773055,4949.891251773055,-2418.5479800170897,0.09068849719619135
11179,2012,CARLSBERG A/S,DENMARK,Brewers,Manufacture of beverages,-2.4338687233289735,-17.892835803132083,-288960903.86758447,-241352422.36194888,-77275.99420797444,-3133193.439078667,-736590.2808442861,-11836.582178271834,-390729.86391755746,-43298959.23721045,40103.8918016326,-106157279.13426718,-75037068.22395962,-74990256.66046461,-783273.0239736204,-783605.8482277008,-12300148.93121804,24829360.4652767,-38726.62370818737,-43298959.23721045,-390729.86391755746,-1546.1313100000002,-307.8031329512316,-36352.59836556036,-1842.87961,20051.9459008163,19922.67712167591,-10141.996518131446,0.025856012754457935
11180,2012,HEINEKEN HOLDING NV,NETHERLANDS,Brewers,Manufacture of beverages,-2.3767362531367167,-19.566297600274186,-575985523.1615014,-520351070.624536,-159289.52508810724,-6881828.98642991,-1610970.541410571,-24580.929299698357,-163183.8023949525,-46863779.59714343,69180.84480141067,-232081368.9894367,-158626139.38526273,-158491719.8231624,-1720457.2466074775,-1720457.2466074775,-25928214.28560034,49655392.74298017,-10620.161243342634,-46863779.59714343,-163183.8023949525,-2390.61301,-138.96003985866997,-76616.54471526563,-2849.4423099999995,34590.422400705334,34590.422400705334,-22160.651748698358,0.008589187904084382
11181,2012,HEINEKEN NV,NETHERLANDS,Brewers,Manufacture of beverages,-2.3264110779216223,-15.84528152850433,-563789566.4851117,-508430131.74330187,-153454.76726910725,-6713234.888087411,-1571513.731605571,-23738.395693110855,-163183.8023949525,-46794460.91356093,60151.75680141068,-226347403.08832628,-153183599.63172698,-153052097.4485362,-1678308.7220218529,-1678308.7220218529,-25018151.592793006,44176812.14002018,-10620.161243342634,-46794460.91356093,-163183.8023949525,-2085.14,-138.96003985866997,-74059.47757476562,-2485.34,30075.87840070534,30075.87840070534,-21627.381693110852,0.00895399663347166
11186,2012,KIRIN HOLDINGS CO LTD,JAPAN,Brewers,Manufacture of beverages,-1.5126340675444947,-21.610525335456472,-382421073.50031054,-363118769.1277745,-85572.5477026276,-4826048.733404467,-1128896.753420427,-15387.129885130964,-31959.813799212636,-13222157.403346194,7718.0090221243945,-162110723.73511195,-95976292.38691756,-95921322.71235017,-1206512.1833511167,-1206512.1833511167,-15492085.952143405,2800764.6884460784,-3862.8446583011714,-13222157.403346194,-31959.813799212636,-306.51558,-92.84197373637141,-42285.46938870925,-365.34497999999996,3859.0045110621973,3859.0045110621973,-15076.810827130963,0.008460520358480448
11187,2012,ASAHI GROUP HOLDINGS LTD,JAPAN,Brewers,Manufacture of beverages,-1.442620216092072,-21.007653848278764,-263437541.48998708,-250613091.83415902,-58105.67798620502,-3326816.8522938327,-778166.1850746155,-10508.51813592168,-23084.57866623127,-8630188.352712031,2420.5090408672777,-111723773.26307276,-65489210.35804315,-65451357.44674615,-831704.2130734582,-831704.2130734582,-10560854.539587602,144232.9265099769,-2790.1333202442343,-8630188.352712031,-23084.57866623127,-114.6827,-67.05977261664285,-28816.978704177545,-136.69369999999998,1210.2545204336388,1210.2545204336388,-10392.41236592168,0.009072575597687902
12309,2011,ANADOLU EFES BIRACILIK MALT,TURKEY,Brewers,Manufacture of beverages,-8.143233908325074,-67.95435148521419,-205314587.6763235,-118667757.40323022,-24807.211489843026,-1319862.5603704578,-302791.32622155634,-6093.665631786227,-289741.6604699538,-84692111.45177956,-11422.397112678926,-43339258.744922325,-23508662.88861067,-23471384.483223934,-328865.798712371,-333559.707683898,-3757930.2041163053,-25509558.096626494,-54185.134577803765,-84692111.45177956,-289741.6604699537,-267.41920500000003,-1180.325813350309,-10317.690510396049,-318.74485500000003,-5711.198556339463,-7419.262345098959,-4114.864314961873,0.1711618549209919
12311,2011,ANHEUSER-BUSCH INBEV,BELGIUM,Brewers,Manufacture of beverages,-5.108726187118933,-16.585625900244935,-1427206123.9381425,-1279003742.2051847,-311211.4787807274,-17164500.527388263,-3976818.5402663555,-55307.54553362481,-119950.34239132462,-126635678.91859645,61085.61999898607,-571293653.2295523,-345097848.5703864,-344690672.65067494,-4291122.72453842,-4291230.013350856,-55784214.921749815,25154290.782172587,-6303.493448947361,-126635678.91859645,-119950.34239132462,-2110.0222035123147,-175.61859965610256,-152853.49641429784,-2514.9978338515857,30542.809999493034,30542.809999493034,-53171.34057284264,0.0562312236788735
12312,2011,MOLSON COORS BEVERAGE CO,UNITED STATES OF AMERICA,Brewers,Manufacture of beverages,-3.884248795161669,-29.564523682939768,-136558543.03102225,-60698860.69095864,-17207.533219649005,-805036.5178938202,-186808.11933889033,-2888.2255965868326,-25370.38478000203,-74832298.93826109,9927.37902643439,-26888113.9005203,-17824306.394213885,-17807259.262185663,-201259.12947345505,-201259.12947345505,-2905535.506375268,4131759.811567939,-3389.055987974119,-74832298.93826109,-25370.38478000203,-364.0823990565206,-106.94372180765097,-8013.9082646712,-433.96057323303614,4963.689513217195,4963.689513217195,-2519.6253867390997,0.09307167679142683
12316,2011,CARLSBERG A/S,DENMARK,Brewers,Manufacture of beverages,-2.63979749232493,-18.59973045224087,-293054170.4296719,-247817233.87392434,-79146.1620561674,-3222837.3431386375,-757299.404974909,-12193.003010524411,-403771.44524787104,-40804225.660814635,42536.4634952746,-109139740.03927699,-77136225.8432993,-77088206.38276635,-805683.1543433854,-806027.0874350007,-12644055.493252495,25822854.480018355,-40019.22112491654,-40804225.660814635,-403771.44524787104,-1634.7497600000002,-318.07682831677397,-37167.74444160854,-1948.5065599999998,21268.2317476373,21134.648301376958,-10404.384588264069,0.026194846152349197
12317,2011,HEINEKEN NV,NETHERLANDS,Brewers,Manufacture of beverages,-2.6031743828527816,-17.977073989751233,-578670938.1510483,-520697907.72957504,-150075.95007227772,-6919345.679425101,-1616790.8427780736,-24126.6055710448,-161618.63156503995,-49161238.66655574,60165.954494083635,-232737452.19960004,-154031952.2753032,-153902664.87098178,-1729836.4198562752,-1729836.4198562752,-25109474.28360605,39942583.72718128,-10518.29839701174,-49161238.66655574,-161618.63156503995,-2085.14,-137.62721026579237,-72372.06822074017,-2485.34,30082.977247041817,30082.977247041817,-22015.5915710448,0.008938810271337921
12319,2011,HEINEKEN HOLDING NV,NETHERLANDS,Brewers,Manufacture of beverages,-2.5598213781578294,-17.677685605241585,-569033810.4719559,-511289192.9568838,-152276.65451227772,-6779778.331425098,-1585458.8357780734,-23963.5377300448,-161618.63156503995,-49106186.61455574,64665.09049408363,-228324184.12958038,-153817441.93002316,-153687054.17348176,-1694944.5828562744,-1694944.5828562744,-25111965.646924447,44610416.079171285,-10518.29839701174,-49106186.61455574,-161618.63156503995,-2237.35522,-137.62721026579237,-73292.87942274017,-2666.76982,32332.545247041817,32332.545247041817,-21698.4197080448,0.008824168122559702
12321,2011,KIRIN HOLDINGS CO LTD,JAPAN,Brewers,Manufacture of beverages,-1.3224877221828237,-19.178349186202244,-356160034.2954819,-343713650.93925315,-82265.59699930936,-4568809.628507969,-1068144.2214790776,-14697.454598940487,-37783.51317507615,-6685546.191138854,10863.249670596728,-153414319.37856588,-91674388.81557855,-91618852.56390597,-1142202.4071269922,-1142202.4071269922,-14810339.895284746,4415079.730105228,-4566.73004909029,-6685546.191138854,-37783.51317507615,-421.19828,-109.75958620743542,-40471.346988343525,-502.03868000000006,5431.624835298364,5431.624835298364,-14271.029770940488,0.01048709427897078
12323,2011,ASAHI GROUP HOLDINGS LTD,JAPAN,Brewers,Manufacture of beverages,-1.253945825705125,-17.111593444431495,-238427245.40761018,-225491630.83382145,-51862.828792455985,-2989755.721162104,-698875.980909991,-9406.03191478073,-26676.319389884316,-9160037.7753304,1000.0837109071501,-100330080.96526207,-58527529.3063737,-58491428.61218133,-747438.930290526,-747438.930290526,-9433511.410937136,-925580.2902632689,-3224.2515086520702,-9160037.7753304,-26676.319389884316,-71.72881918167114,-77.49363496728854,-25730.56830962421,-85.49569979232788,500.04185545357507,500.04185545357507,-9333.413029959578,0.011685565802237011
12324,2011,SAPPORO HOLDINGS LTD,JAPAN,Brewers,Manufacture of beverages,-1.0659333036412528,-25.633598858771872,-62920437.54679369,-61421363.06865178,-15564.49903664736,-817708.5412823884,-191085.19561213895,-2713.4739612849025,-8281.528559239041,-467909.67505122,4188.435361031414,-27463841.432421345,-16976411.847625893,-16965472.596580192,-204427.1353205971,-204427.1353205971,-2751148.529832402,2128778.545871436,-1000.9525887292009,-467909.67505122,-8281.528559239041,-153.46753054526707,-24.057507400522557,-7565.145112887242,-182.92248595555887,2094.217680515707,2094.217680515707,-2558.1020891197304,0.08420211429551562
13361,2010,ANADOLU EFES BIRACILIK MALT,TURKEY,Brewers,Manufacture of beverages,-7.502472446453002,-46.52155392485772,-203259946.56425542,-119086557.5993734,-25078.75563094122,-1311159.0116098684,-300344.8539769063,-6215.406072565242,-306967.4991992591,-82212455.38329041,-11168.055083608548,-42987603.05423332,-23418634.189170737,-23379741.14503491,-326624.5233063448,-331597.49645808816,-3744967.3147234204,-26464651.798181567,-57406.57117842593,-82212455.38329041,-306967.499199259,-314.8978517086792,-1250.4990223939462,-10292.200716051719,-375.336057418518,-5584.027541804274,-7393.6398317935,-4086.988457748494,0.18052857538827996
13363,2010,ANHEUSER-BUSCH INBEV,BELGIUM,Brewers,Manufacture of beverages,-5.2787354768866805,-17.83674004883223,-1451502093.0114732,-1292361610.1552584,-314466.1335060021,-17343801.959982693,-4018349.668880758,-55885.660017537746,-121231.12301273638,-137348486.1780419,61737.867227146395,-577259943.7370068,-348704903.4287392,-348293414.018329,-4335948.056982772,-4336056.491381198,-56367325.06107882,25422877.995321654,-6370.799569927568,-137348486.1780419,-121231.12301273638,-2132.552156283859,-177.49378312548527,-154451.43645382384,-2541.851950515805,30868.933613573197,30868.933613573197,-53726.645535227006,0.055911589479403195
13364,2010,MOLSON COORS BEVERAGE CO,UNITED STATES OF AMERICA,Brewers,Manufacture of beverages,-4.548408003019039,-34.18554042730984,-148023390.0502516,-34128928.742255345,-23683.496209435492,-413215.49849887495,-92824.68388262489,-2299.2462553269215,-22823.399686138517,-113358956.68007204,19341.696608168855,-13635243.332653493,-16640413.98083573,-16582153.881093852,-103303.87462471874,-103303.87462471874,-2813034.681239673,15233643.637531474,-3048.8216888694815,-113358956.68007204,-22823.399686138517,-679.75564,-96.27297605637398,-10895.552724633184,-810.22084,9670.848304084428,9670.848304084428,-1611.0556913269218,0.010385123685818093
13368,2010,HEINEKEN HOLDING NV,NETHERLANDS,Brewers,Manufacture of beverages,-3.025953122416405,-23.503948831942157,-655044025.322936,-519443982.22629297,-158621.81350951476,-6863692.32432742,-1606818.4861766298,-24449.976200857473,-165536.02557676012,-126847464.61859468,66540.14774273612,-231472799.2556902,-157862303.6009211,-157727428.33981726,-1715923.081081855,-1715923.081081855,-25798651.713904817,48309927.89362687,-10773.246225457857,-126847464.61859468,-165536.02557676012,-2301.9945599999996,-140.96308809203177,-76384.21165861933,-2743.8153599999996,33270.07387136806,33270.07387136806,-22119.416744857474,0.1514243183203396
13370,2010,HEINEKEN NV,NETHERLANDS,Brewers,Manufacture of beverages,-2.6705259826200987,-20.743185208286015,-578102838.5489422,-519443982.22629297,-158621.81350951476,-6863692.32432742,-1606818.4861766298,-24449.976200857473,-165536.02557676012,-49906277.84460082,66540.14774273612,-231472799.2556902,-157862303.6009211,-157727428.33981726,-1715923.081081855,-1715923.081081855,-25798651.713904817,48309927.89362687,-10773.246225457857,-49906277.84460082,-165536.02557676012,-2301.9945599999996,-140.96308809203177,-76384.21165861933,-2743.8153599999996,33270.07387136806,33270.07387136806,-22119.416744857474,0.008736664172043574
13371,2010,CARLSBERG A/S,DENMARK,Brewers,Manufacture of beverages,-2.321683678094354,-14.921488827512666,-251066899.58236757,-205016221.6454925,-95878.00203111747,-2637641.901376056,-624993.0592105256,-12428.629985750247,-390154.9097051694,-42379461.40116109,89879.96659470296,-90695705.17643008,-82208231.37505679,-82152130.8349531,-659385.1768292814,-659717.5113365456,-13709567.54273114,61796457.97309551,-38669.6379553981,-42379461.40116109,-390154.9097051694,-3229.88186,-307.3502044084726,-43668.26287494602,-3849.79166,44939.98329735148,44810.9047356374,-9029.59073803617,0.020610716856401663
13373,2010,KIRIN HOLDINGS CO LTD,JAPAN,Brewers,Manufacture of beverages,-1.9709578465139759,-28.311452523902002,-529286051.00488245,-503761432.8602713,-120417.95811127343,-6702246.626847921,-1568368.298005274,-21528.0671658668,-37042.30963357417,-17090254.31139089,15239.426543708623,-225257280.73318112,-134485540.32333624,-134411210.44531202,-1675561.6567119802,-1675561.6567119802,-21725752.418582167,7143073.8104239805,-4477.143978314265,-17090254.31139089,-37042.30963357417,-568.2006500000001,-107.60641972887704,-59377.3649410434,-677.2551500000001,7619.713271854312,7619.713271854312,-20952.8158508668,0.0069614468865604375
13378,2010,ASAHI GROUP HOLDINGS LTD,JAPAN,Brewers,Manufacture of beverages,-1.3088370785621095,-20.445526172640715,-240385991.01091805,-228970246.9110244,-52706.67638057345,-3036709.5446449565,-709985.4699698659,-9557.010108983137,-25334.276718830908,-7582590.757160507,1139.6350900955385,-101926055.87081137,-59488781.9528204,-59452770.93492471,-759177.3861612391,-759177.3861612391,-9589007.561567614,-765298.9243030492,-3062.0446073334333,-7582590.757160507,-25334.276718830908,-74.54375499999999,-73.59505498175372,-26155.0196983141,-88.85090499999998,569.8175450477693,569.8175450477693,-9481.541358483137,0.011000711836534017
13379,2010,SAPPORO HOLDINGS LTD,JAPAN,Brewers,Manufacture of beverages,-1.1799942163953765,-29.81923448462,-56636515.47559743,-55297017.44912216,-14247.494862912137,-739314.1432708695,-172719.70958940376,-2488.018968353063,-6620.66467521425,-409145.77361794485,5037.778509441776,-24830426.34780737,-15547722.16555582,-15538074.554523295,-184828.53581771738,-184828.53581771738,-2522577.429309287,2593073.1141794166,-800.2111443992419,-409145.77361794485,-6620.66467521425,-179.843325,-19.232764613563127,-6882.769342035724,-214.36057499999998,2518.889254720888,2518.889254720888,-2305.944010853063,0.011921585392876268
